"","SNPid","Chi_Square","P_Value"
"1","rs4649032",14.7061428784315,0.000125636390739095
"2","rs1801274",18.9857581590938,1.31697786977185e-05
"3","rs1012507",63.207928802589,1.85998181614087e-15
"4","rs113752715",0.821567672833496,0.364722213533867
"5","rs55730955",11.6305761726222,0.000648764553891276
"6","rs190705792",17.2161853396743,3.33582202220763e-05
"7","rs530462",46.5171596948757,9.08196401259947e-12
"8","rs59882675",97.6302261052525,5.04282455935338e-23
"9","rs10518133",2.76815522600496,0.0961569226109241
"10","rs115180879",25.462080397845,4.5116373072994e-07
"11","rs1264705",0.458454364091562,0.498347215390405
"12","rs6916716",6.74305636597036,0.00941132516370419
"13","rs9261947",5.46403162055336,0.0194118082116584
"14","rs2844580",9.91895140619752,0.00163585553922328
"15","rs1265889",8.75473484848485,0.00308799266626272
"16","rs9348883",20.6406327176117,5.54076073548172e-06
"17","rs2076523",16.4770339636692,4.9242961348096e-05
"18","rs62397901",18.4408602150538,1.75259380424275e-05
"19","rs2674382",2.18453333333333,0.139403311266916
"20","rs76615866",67.2684173545104,2.36946924375936e-16
"21","rs2858829",4.34545548552063,0.0371078400760726
"22","rs2637678",14.5752841895743,0.000134669350796136
"23","rs111796602",1.0528807814992,0.304844548715509
"24","rs4979462",17.5000488282612,2.87300305646955e-05
"25","rs7848647",79.4616446889798,4.91678321873637e-19
"26","rs10817678",75.9802536948275,2.86515576101042e-18
"27","rs1891621",5.30599755201958,0.0212521263746212
"28","rs6584128",21.7075640303898,3.17536756265185e-06
"29","rs1799937",21.2451284552405,4.04136193766003e-06
"30","rs2301254",0.0981570512820513,0.754052554600958
"31","rs6508",4.06139530047827,0.0438742327044025
"32","rs1805732",29.6467405570499,5.18397243683987e-08
"33","rs16946160",5.16818036141933,0.0230043002442887
"34","rs8062322",0,1
"35","rs9303279",0.00849329931766957,0.926571634877629
"36","rs34217742",0.494505494505494,0.481924360792877
"37","rs11086243",0.996459890945288,0.318168629538712
"38","rs755622",2.42683426539929,0.119273555707289
"39","rs73885319",9.14118561177385,0.00249919103633224
"40","rs60910145",9.14118561177385,0.00249919103633224
