"","SNPid","Chi_Square","P_Value"
"1","rs4649032",2.09449999437512,0.147830067574692
"2","rs1801274",4.42656983920871,0.0353835502391642
"3","rs1012507",15.1952544979009,9.6946742769493e-05
"4","rs113752715",56.631542830313,5.25619027182064e-14
"5","rs55730955",13.0698132242004,0.00030009305652659
"6","rs190705792",47.5453500162527,5.37460946961759e-12
"7","rs530462",15.0019892898464,0.000107397904479935
"8","rs59882675",0.0113450877897075,0.91517508601153
"9","rs10518133",30.3683714987054,3.57306823981963e-08
"10","rs115180879",72.6285154449055,1.56501368765332e-17
"11","rs1264705",81.2630208333333,1.9758944067259e-19
"12","rs6916716",4.88228356608094,0.0271336991524381
"13","rs9261947",15.8240367117652,6.95138019265266e-05
"14","rs2844580",17.9204778794101,2.30329456347855e-05
"15","rs1265889",0.287680240477197,0.5917109359875
"16","rs9348883",31.8170505452735,1.69399108752464e-08
"17","rs2076523",48.9891478478845,2.57382599047487e-12
"18","rs62397901",44.0125035521455,3.26284880222152e-11
"19","rs2674382",53.4619923109132,2.63644535698385e-13
"20","rs76615866",67.2684173545104,2.36946924375936e-16
"21","rs2858829",25.4115267342912,4.63142501183384e-07
"22","rs2637678",45.6498524002488,1.4139672795528e-11
"23","rs111796602",10.3759041859362,0.00127670606344771
"24","rs4979462",7.04805444866607,0.00793513926508342
"25","rs7848647",7.88975230694512,0.00497156726676511
"26","rs10817678",6.79368856899621,0.00914806985257681
"27","rs1891621",3.70517321534491,0.0542440409747069
"28","rs6584128",46.5206328133643,9.06588108717485e-12
"29","rs1799937",2.91666666666667,0.0876687951299295
"30","rs2301254",22.1714106446903,2.49359472530618e-06
"31","rs6508",7.01462919377913,0.0080846374809965
"32","rs1805732",76.2809925780931,2.46040727868493e-18
"33","rs16946160",10.3498628757997,0.00129484303474357
"34","rs8062322",3.3987915407855,0.0652442019004779
"35","rs9303279",2.01244743763716,0.156013457676525
"36","rs34217742",86.6963600061435,1.26529480786307e-20
"37","rs11086243",0.593975566845887,0.440885896284246
"38","rs755622",0.951856340200507,0.329247231607604
"39","rs73885319",63.4414152315706,1.65207822542455e-15
"40","rs60910145",63.4414152315706,1.65207822542455e-15
