"","SNPid","Chi_Square","P_Value"
"1","rs4649032",13.4626608376522,0.000243358379955478
"2","rs1801274",0.968706186810185,0.32500306424607
"3","rs1012507",0.00910955261848397,0.923962187422823
"4","rs113752715",0.0363123039702965,0.84887199570315
"5","rs55730955",23.0585106382979,1.5714535416251e-06
"6","rs190705792",3.7987809014352,0.0512899134410503
"7","rs530462",53.285140490742,2.88480483457299e-13
"8","rs59882675",17.61408869768,2.70576395040592e-05
"9","rs10518133",0.274666756353771,0.600218313496922
"10","rs115180879",22.9263615235846,1.68327472704658e-06
"11","rs1264705",2.91118188571205,0.0879673883095962
"12","rs6916716",0.0533946481876688,0.817258230168167
"13","rs9261947",0.315915100741815,0.574072923694377
"14","rs2844580",5.37302343900354,0.0204504999667898
"15","rs1265889",22.8173838578463,1.78147018172771e-06
"16","rs9348883",11.7823471851612,0.00059795042299954
"17","rs2076523",2.39953752858013,0.121371126613545
"18","rs62397901",8.38876377031722,0.00377547601808279
"19","rs2674382",32.9372562110727,9.51816251246247e-09
"20","rs76615866",10.6778450356884,0.0010842629852592
"21","rs2858829",7.0680833289824,0.00784691540748083
"22","rs2637678",0.308029626460601,0.578891809577251
"23","rs111796602",0.901761252446184,0.342309893255718
"24","rs4979462",58.0945472131544,2.49817801444272e-14
"25","rs7848647",5.32987552152804,0.0209628823069309
"26","rs10817678",6.30680815012612,0.0120275181218596
"27","rs1891621",0.0989115690200891,0.753139724028977
"28","rs6584128",3.01212673043447,0.0826437938791759
"29","rs1799937",1.7491746007371,0.185980530199225
"30","rs2301254",12.3197921591934,0.000448180601659026
"31","rs6508",8.95797837228833,0.00276260429243877
"32","rs1805732",28.6868316441053,8.50803063109962e-08
"33","rs16946160",35.4400400050313,2.63023926130163e-09
"34","rs8062322",0.0349162392155194,0.851771284091759
"35","rs9303279",5.82840543624857,0.0157694108655455
"36","rs34217742",0.329128548207257,0.566172681571492
"37","rs11086243",4.2738883800125,0.038702271001668
"38","rs755622",1.54137529137529,0.214413211842883
"39","rs73885319",11.0031258880364,0.00090958356282148
"40","rs60910145",11.0031258880364,0.00090958356282148
