"","SNPid","Chi_Square","P_Value"
"1","rs4649032",2.60827826464968,0.106307123790433
"2","rs1801274",0.512086542625704,0.474237000129845
"3","rs1012507",0.650575613094354,0.419906958023705
"4","rs113752715",0.316679788352341,0.573609835980061
"5","rs55730955",3.17837837837838,0.074618749848351
"6","rs190705792",0.380268802509774,0.537459412909385
"7","rs530462",9.23361768950004,0.00237611714076938
"8","rs59882675",0.00281469722301972,0.957689105446329
"9","rs10518133",4.51523055395066,0.0335943581487445
"10","rs115180879",2.7648,0.0963587292231247
"11","rs1264705",23.982047724275,9.72381487508377e-07
"12","rs6916716",0.409891598915989,0.522024530586226
"13","rs9261947",0.391084065475294,0.531730120728852
"14","rs2844580",40.9211440383605,1.58497031373993e-10
"15","rs1265889",50.9667046063583,9.39460893951796e-13
"16","rs9348883",1.97009674582234,0.160437593316712
"17","rs2076523",4.47013970957245,0.0344921712148518
"18","rs62397901",1.97009674582234,0.160437593316712
"19","rs2674382",0.37539298953592,0.540079202249941
"20","rs76615866",8.53010386238234,0.00349319764991302
"21","rs2858829",1.50092975493325,0.220528359348627
"22","rs2637678",0,1
"23","rs111796602",5.16127552322431,0.0230959294132158
"24","rs4979462",42.5474023241613,6.8989832891725e-11
"25","rs7848647",0.367452393863035,0.544396217112906
"26","rs10817678",0.905329153605016,0.341356776757868
"27","rs1891621",6.0562015503876,0.0138575432040005
"28","rs6584128",6.83484868246669,0.00893962662857134
"29","rs1799937",4.98657325089934,0.0255447474828228
"30","rs2301254",2.46138142772179,0.116676127709981
"31","rs6508",0.00576143067846608,0.93949540394953
"32","rs1805732",0.486526460552435,0.485480875936451
"33","rs16946160",12.9936898615666,0.000312542457157138
"34","rs8062322",7.35870338242155,0.00667389021184155
"35","rs9303279",7.2059651563328,0.00726616629422376
"36","rs34217742",0.731391820500731,0.39243241700404
"37","rs11086243",2.07448915198165,0.14978008102925
"38","rs755622",4.98178912063725,0.0256154793488846
"39","rs73885319",13.3410177595628,0.00025966338292078
"40","rs60910145",13.3410177595628,0.00025966338292078
