"","SNPid","Chi_Square","P_Value"
"1","rs4649032",99.7763374928284,1.70616577690658e-23
"2","rs1801274",108.92053909632,1.68923856120713e-25
"3","rs1012507",0.592703038413408,0.441375769961732
"4","rs113752715",20.6668871813139,5.46530189827617e-06
"5","rs55730955",18.9920214595227,1.31266189706872e-05
"6","rs190705792",17.2161853396743,3.33582202220763e-05
"7","rs530462",0.302766434462327,0.582153290182499
"8","rs59882675",18.6529869483991,1.56801428354183e-05
"9","rs10518133",25.2586474219829,5.01342899854392e-07
"10","rs115180879",72.6285154449055,1.56501368765332e-17
"11","rs1264705",0.0625730018354747,0.802474473716286
"12","rs6916716",19.1301255378925,1.22102309214616e-05
"13","rs9261947",4.26164036625755,0.0389822615455836
"14","rs2844580",2.46649060740445,0.11629732777702
"15","rs1265889",62.5838779320808,2.553351139539e-15
"16","rs9348883",59.8109965635739,1.04418299928457e-14
"17","rs2076523",2.84507733040721,0.0916541837547118
"18","rs62397901",32.34375,1.29172010178102e-08
"19","rs2674382",3.62813656931304,0.0568103910843101
"20","rs76615866",67.2684173545104,2.36946924375936e-16
"21","rs2858829",6.35549583656176,0.0117018235199523
"22","rs2637678",0.616533333333333,0.432338445743708
"23","rs111796602",15.7613284548269,7.18563561243184e-05
"24","rs4979462",52.0358423880911,5.44967393714568e-13
"25","rs7848647",5.1974911543171,0.022619512487839
"26","rs10817678",4.31469380716694,0.037784570312976
"27","rs1891621",2.07843029799291,0.149393737608037
"28","rs6584128",0.0328299745875478,0.856218100262677
"29","rs1799937",22.9637433535485,1.65085732744706e-06
"30","rs2301254",7.26281609641792,0.00703968190347915
"31","rs6508",26.722271869725,2.3489835471626e-07
"32","rs1805732",22.8226848171701,1.77656337406337e-06
"33","rs16946160",52.0358423880911,5.44967393714568e-13
"34","rs8062322",68.2758620689655,1.42150422354975e-16
"35","rs9303279",29.7244182411005,4.98035210776117e-08
"36","rs34217742",86.6963600061435,1.26529480786307e-20
"37","rs11086243",2.20566789811394,0.137504327568814
"38","rs755622",1.28917966077912,0.256199183767451
"39","rs73885319",9.14118561177385,0.00249919103633224
"40","rs60910145",9.14118561177385,0.00249919103633224
