"","SNPid","Chi_Square","P_Value"
"1","rs4649032",2.32726921330852,0.127124715969918
"2","rs1801274",1.56970941355136,0.210249218921001
"3","rs1012507",3.7194379909282,0.0537824706848304
"4","rs113752715",4.80030721966206,0.0284546624380848
"5","rs55730955",2.86533977557226,0.0905065952674474
"6","rs190705792",0.380268802509774,0.537459412909385
"7","rs530462",8.28587319390555,0.00399546868835375
"8","rs59882675",4.58408679927667,0.0322701625143067
"9","rs10518133",1.4163236016165,0.234009469264228
"10","rs115180879",3.46513854057028,0.0626752570655979
"11","rs1264705",19.9535472972973,7.93466070098261e-06
"12","rs6916716",1.24462157987643,0.264582218142822
"13","rs9261947",0.315915100741815,0.574072923694377
"14","rs2844580",44.99139367575,1.9790231018472e-11
"15","rs1265889",38.1887767781699,6.42207384406955e-10
"16","rs9348883",0.610456936555401,0.434615817320941
"17","rs2076523",0.00819176093164897,0.92788326099069
"18","rs62397901",2.24143770795561,0.13435600571402
"19","rs2674382",0.0381535585347126,0.84513511445687
"20","rs76615866",21.5125072716696,3.51528453500967e-06
"21","rs2858829",0,1
"22","rs2637678",2.25203678473365,0.133438665505249
"23","rs111796602",8.37564290355621,0.00380283010140475
"24","rs4979462",64.658667656235,8.90636491394943e-16
"25","rs7848647",2.71278821817892,0.0995468634000666
"26","rs10817678",2.08581349206349,0.148673003784341
"27","rs1891621",6.96746249059262,0.00830051218618582
"28","rs6584128",0.404975830587866,0.524530654298581
"29","rs1799937",0.00990983290782988,0.920703064582424
"30","rs2301254",6.32207717328963,0.0119243865887679
"31","rs6508",0,1
"32","rs1805732",8.62883475971034,0.00330883156992329
"33","rs16946160",10.2575242596277,0.00136128240073776
"34","rs8062322",11.5451913739717,0.000679247081778741
"35","rs9303279",9.81928878732505,0.00172691107779116
"36","rs34217742",2.7756192813784,0.0957096317747591
"37","rs11086243",0.45773573390296,0.498684086443405
"38","rs755622",5.25128205128205,0.0219306070681304
"39","rs73885319",0.905534627644161,0.341301996118725
"40","rs60910145",0.905534627644161,0.341301996118725
