"","SNPid","Chi_Square","P_Value"
"1","rs4649032",2.06220654085998,0.15099138954761
"2","rs1801274",0.392047437739967,0.53122514030754
"3","rs1012507",0.44222280132351,0.506051550434385
"4","rs113752715",0.427730931056757,0.513104451335373
"5","rs55730955",3.50980242858023,0.0610067303923697
"6","rs190705792",0.380268802509774,0.537459412909385
"7","rs530462",9.56186727331402,0.00198660928723708
"8","rs59882675",0,1
"9","rs10518133",4.89662676822633,0.0269092098348765
"10","rs115180879",2.7648,0.0963587292231247
"11","rs1264705",24.5796926197535,7.1299164524501e-07
"12","rs6916716",0.409891598915989,0.522024530586226
"13","rs9261947",0.315915100741815,0.574072923694377
"14","rs2844580",40.9211440383605,1.58497031373993e-10
"15","rs1265889",51.7147584831244,6.4178508244931e-13
"16","rs9348883",1.42186412310974,0.233096821123172
"17","rs2076523",4.28288495616419,0.0384979523345832
"18","rs62397901",1.71413502109705,0.19044975040344
"19","rs2674382",0.37539298953592,0.540079202249941
"20","rs76615866",8.53010386238234,0.00349319764991302
"21","rs2858829",1.38866670221653,0.238630390772795
"22","rs2637678",0,1
"23","rs111796602",4.84536320058997,0.0277205541609515
"24","rs4979462",42.5474023241613,6.8989832891725e-11
"25","rs7848647",0.498961980879064,0.479956574173241
"26","rs10817678",1.10347105452798,0.293505612947202
"27","rs1891621",6.0562015503876,0.0138575432040005
"28","rs6584128",5.89831134852742,0.0151554082335114
"29","rs1799937",4.57078639482765,0.0325216331510382
"30","rs2301254",2.75148226308914,0.0971643139399123
"31","rs6508",0.0231535747672342,0.879058385667014
"32","rs1805732",0.699361832328001,0.40299821093764
"33","rs16946160",12.9936898615666,0.000312542457157138
"34","rs8062322",7.35870338242155,0.00667389021184155
"35","rs9303279",7.44947548450043,0.00634549378637634
"36","rs34217742",0.607461448977794,0.435745223571626
"37","rs11086243",2.07448915198165,0.14978008102925
"38","rs755622",4.46571285042308,0.0345816572049834
"39","rs73885319",13.3410177595628,0.00025966338292078
"40","rs60910145",13.3410177595628,0.00025966338292078
