"","SNPid","Chi_Square","P_Value"
"1","rs4649032",18.495435273826,1.70311714912739e-05
"2","rs1801274",15.6007151670822,7.82249966913452e-05
"3","rs1012507",116.637085530825,3.44709754652606e-27
"4","rs113752715",16.3424851250033,5.28653720581925e-05
"5","rs55730955",2.86533977557226,0.0905065952674474
"6","rs190705792",17.2161853396743,3.33582202220763e-05
"7","rs530462",37.8168852690219,7.77062724062946e-10
"8","rs59882675",106.947661414583,4.57082733660744e-25
"9","rs10518133",5.78904538341158,0.0161263438337967
"10","rs115180879",28.1926800525512,1.09819106564033e-07
"11","rs1264705",1.45738451528953,0.22734673059675
"12","rs6916716",3.87712814816397,0.0489482172364065
"13","rs9261947",2.54995879266591,0.110297131949093
"14","rs2844580",13.3451635298001,0.000259089964225151
"15","rs1265889",0.438354385167386,0.507917794788248
"16","rs9348883",4.61793087142203,0.0316393824795636
"17","rs2076523",11.5693522028989,0.000670477725634416
"18","rs62397901",13.0698132242004,0.00030009305652659
"19","rs2674382",0.893499345511729,0.344530776954579
"20","rs76615866",67.2684173545104,2.36946924375936e-16
"21","rs2858829",1.3313132503805,0.248571723518626
"22","rs2637678",8.35147570418584,0.00385374212746882
"23","rs111796602",3.94999401073393,0.0468715346257779
"24","rs4979462",22.0443812347491,2.66418414158083e-06
"25","rs7848647",82.6202964553123,9.94308276640531e-20
"26","rs10817678",79.0730842426055,5.98542537757794e-19
"27","rs1891621",15.2593165699549,9.37133534072666e-05
"28","rs6584128",7.03812435300207,0.00797925515722377
"29","rs1799937",16.8435627915769,4.05907709740949e-05
"30","rs2301254",1.46326776395022,0.226410900215788
"31","rs6508",6.45494969035049,0.0110643676844837
"32","rs1805732",12.7349737670844,0.000358880858900496
"33","rs16946160",8.79634959341085,0.00301833876165892
"34","rs8062322",2.18570137214661,0.139297595985889
"35","rs9303279",1.81852779255377,0.177488617606337
"36","rs34217742",2.7756192813784,0.0957096317747591
"37","rs11086243",0.0734185192096496,0.78642293591993
"38","rs755622",0.447489166256209,0.503529727210806
"39","rs73885319",9.14118561177385,0.00249919103633224
"40","rs60910145",9.14118561177385,0.00249919103633224
