"","SNPid","Chi_Square","P_Value"
"1","rs4649032",6.51993305479633,0.0106672018378601
"2","rs1801274",44.2401238207547,2.90466144903081e-11
"3","rs1012507",281.412093365779,3.69725363989051e-63
"4","rs113752715",0.355466030777434,0.551035132712288
"5","rs55730955",87.7864450438628,7.29169307649753e-21
"6","rs190705792",17.2161853396743,3.33582202220763e-05
"7","rs530462",2.46102313003216,0.116702743363628
"8","rs59882675",133.060631229236,8.76923282868875e-31
"9","rs10518133",0.0909155479792599,0.763016436743845
"10","rs115180879",68.6317061546841,1.18680561361941e-16
"11","rs1264705",155.818713450292,9.27433386579299e-36
"12","rs6916716",4.38201121794872,0.036320117007302
"13","rs9261947",59.6649024255609,1.12464422658755e-14
"14","rs2844580",227.466461570508,2.12754184676772e-51
"15","rs1265889",79.3221730539089,5.27642001997237e-19
"16","rs9348883",10.3328804347826,0.00130681105673519
"17","rs2076523",0.910859678038987,0.339886423702744
"18","rs62397901",44.0125035521455,3.26284880222152e-11
"19","rs2674382",49.2652517577187,2.23588178362239e-12
"20","rs76615866",67.2684173545104,2.36946924375936e-16
"21","rs2858829",10.5767684518741,0.00114517666246835
"22","rs2637678",2.30416696641291,0.129027438668102
"23","rs111796602",1.96817509468805,0.160641698662508
"24","rs4979462",134.623731303419,3.99060979727717e-31
"25","rs7848647",3.57744967972659,0.0585690038397515
"26","rs10817678",2.85159261200703,0.0912834688531387
"27","rs1891621",0.0504457385457906,0.822289462853443
"28","rs6584128",1.95608278647148,0.161932877703312
"29","rs1799937",106.009616940312,7.33782324137225e-25
"30","rs2301254",256.081677143425,1.22642637915459e-57
"31","rs6508",15.5364898252879,8.0927921011596e-05
"32","rs1805732",42.3626752470696,7.58233353955074e-11
"33","rs16946160",134.623731303419,3.99060979727717e-31
"34","rs8062322",7.35870338242155,0.00667389021184155
"35","rs9303279",132.598917160738,1.10653556892354e-30
"36","rs34217742",96.4403209179329,9.1974843657636e-23
"37","rs11086243",0.982869837775709,0.32149131502304
"38","rs755622",43.9386263854349,3.38835576867397e-11
"39","rs73885319",9.14118561177385,0.00249919103633224
"40","rs60910145",9.14118561177385,0.00249919103633224
