"","SNPid","Chi_Square","P_Value"
"1","rs4649032",10.6768339350614,0.00108485579880061
"2","rs1801274",0.648145832812383,0.42077637370792
"3","rs1012507",18.9217635614716,1.36190094101373e-05
"4","rs113752715",10.2197168345772,0.00138947182158974
"5","rs55730955",87.7864450438628,7.29169307649753e-21
"6","rs190705792",0.116321337695383,0.733059059741308
"7","rs530462",1.22637362080477,0.268113443394165
"8","rs59882675",1.1674077273636,0.279934523621742
"9","rs10518133",0,1
"10","rs115180879",0.386581671295127,0.534101715554929
"11","rs1264705",1.68372844827586,0.1944297652255
"12","rs6916716",1.52687408809496,0.216582195287773
"13","rs9261947",4.49844584943743,0.0339256740880447
"14","rs2844580",0.0585427994698364,0.808814107464321
"15","rs1265889",0.899175312583134,0.343002936417949
"16","rs9348883",2.77265745007681,0.0958868506258647
"17","rs2076523",5.43723660445515,0.0197118316487224
"18","rs62397901",1.94501286544968,0.163125277155255
"19","rs2674382",5.35831450025516,0.0206236971004578
"20","rs76615866",67.2684173545104,2.36946924375936e-16
"21","rs2858829",0.0819859735663557,0.774623905563734
"22","rs2637678",0.262586805555556,0.608348528659314
"23","rs111796602",0,1
"24","rs4979462",92.2009698275862,7.83063841241807e-22
"25","rs7848647",14.1166666666667,0.000171814679111297
"26","rs10817678",12.6401829256722,0.00037754303383834
"27","rs1891621",14.9011471305237,0.000113294072061095
"28","rs6584128",19.3586443586444,1.0832775338131e-05
"29","rs1799937",11.6218484295173,0.000651815913432368
"30","rs2301254",7.94613684412839,0.00481901356796824
"31","rs6508",0,1
"32","rs1805732",33.127395363931,8.63139958700317e-09
"33","rs16946160",61.3111413043478,4.87314902832582e-15
"34","rs8062322",4.10657146887352,0.0427168761728502
"35","rs9303279",3.50501878656708,0.0611831517188955
"36","rs34217742",2.9006631641159,0.0885431184617004
"37","rs11086243",23.0864707432986,1.54876650397057e-06
"38","rs755622",2.894937879458,0.0888582006278871
"39","rs73885319",22.6337987582846,1.96006021182787e-06
"40","rs60910145",22.6337987582846,1.96006021182787e-06
