"","SNPid","Chi_Square","P_Value"
"1","rs4649032",58.4036072305299,2.13499192971705e-14
"2","rs1801274",0.002000008000032,0.964329336976471
"3","rs1012507",45.0946593432278,1.87736692697243e-11
"4","rs113752715",56.631542830313,5.25619027182064e-14
"5","rs55730955",3.24332542209684,0.0717149397821564
"6","rs190705792",17.1900872835452,3.38196485958802e-05
"7","rs530462",1.27430575629685,0.258960474425667
"8","rs59882675",27.5768595481671,1.5097420109608e-07
"9","rs10518133",8.56911765777451,0.00341912813718406
"10","rs115180879",72.6285154449055,1.56501368765332e-17
"11","rs1264705",81.2630208333333,1.9758944067259e-19
"12","rs6916716",11.6409347943406,0.000645161729235026
"13","rs9261947",26.7289280615115,2.34090595202311e-07
"14","rs2844580",2.7819256653098,0.0953334813277574
"15","rs1265889",12.4844740278353,0.00041034823299783
"16","rs9348883",3.64525081811027,0.0562293338697748
"17","rs2076523",2.25957049486461,0.13279088567001
"18","rs62397901",44.0125035521455,3.26284880222152e-11
"19","rs2674382",8.69794581797361,0.00318568854150983
"20","rs76615866",67.2684173545104,2.36946924375936e-16
"21","rs2858829",0.0203216235622451,0.886642482625333
"22","rs2637678",2.25203678473365,0.133438665505249
"23","rs111796602",4.93088866447867,0.0263807477995575
"24","rs4979462",31.1809233378745,2.35064767850784e-08
"25","rs7848647",95.8219800181653,1.25692445965652e-22
"26","rs10817678",92.0142244211666,8.60556920152162e-22
"27","rs1891621",3.09267031036502,0.0786456493648846
"28","rs6584128",43.2205959370435,4.89031900534609e-11
"29","rs1799937",0.0397259406668247,0.842017383410913
"30","rs2301254",0.242469420798666,0.622428230463031
"31","rs6508",1.03174603174603,0.309748927575234
"32","rs1805732",0.977116420873511,0.32291175378196
"33","rs16946160",1.21650165486993,0.270048297845655
"34","rs8062322",6.10086966723862,0.0135115371327272
"35","rs9303279",0.482625482625483,0.487235481565951
"36","rs34217742",0.00649823248076523,0.935750828796524
"37","rs11086243",3.91190534643902,0.0479452109238745
"38","rs755622",5.5284777446705,0.0187093760356042
"39","rs73885319",28.9712011532074,7.3462362519932e-08
"40","rs60910145",28.9712011532074,7.3462362519932e-08
