"","SNPid","Chi_Square","P_Value"
"1","rs4649032",1.46937886996904,0.225443719594773
"2","rs1801274",0.128003200080002,0.720511440041493
"3","rs1012507",3.90041557999334,0.0482741650057614
"4","rs113752715",0.0810533330931753,0.775875009156249
"5","rs55730955",7.38095238095238,0.00659182538819356
"6","rs190705792",0.380268802509774,0.537459412909385
"7","rs530462",5.76955222633152,0.0163061888270246
"8","rs59882675",2.31870684772691,0.127826253172229
"9","rs10518133",0.746185818769348,0.387686516478633
"10","rs115180879",4.68971631205674,0.0303436567435164
"11","rs1264705",10.9588596291847,0.000931571298204672
"12","rs6916716",0.0299712276214834,0.862555530872288
"13","rs9261947",0.0345399281569494,0.852563014199857
"14","rs2844580",22.9132110028336,1.69483000083131e-06
"15","rs1265889",32.9515429254868,9.44847304564073e-09
"16","rs9348883",0,1
"17","rs2076523",0.344955686461816,0.556982578097853
"18","rs62397901",1.71413502109705,0.19044975040344
"19","rs2674382",0.232553812952317,0.629636646368819
"20","rs76615866",15.9580052493438,6.47633164722664e-05
"21","rs2858829",1.50092975493325,0.220528359348627
"22","rs2637678",0.00215726458850178,0.962954484439316
"23","rs111796602",2.18208634050218,0.139625072403503
"24","rs4979462",46.448087431694,9.40781385745386e-12
"25","rs7848647",2.2494629407229,0.133660783950009
"26","rs10817678",2.53142339415919,0.111599505296466
"27","rs1891621",0.972107152720243,0.324155222778167
"28","rs6584128",4.42919205968943,0.0353292278050855
"29","rs1799937",3.97980974568045,0.0460487641918088
"30","rs2301254",2.60439954623965,0.106567513442885
"31","rs6508",0.484820915533423,0.486246716734962
"32","rs1805732",5.09550084889643,0.0239879860289319
"33","rs16946160",18.2120875794572,1.97620633230906e-05
"34","rs8062322",3.57791754018169,0.0585525092576884
"35","rs9303279",3.85208333333333,0.0496842407614791
"36","rs34217742",0.392687423878463,0.530890149646005
"37","rs11086243",0.812698412698413,0.367323664907856
"38","rs755622",2.15740434895696,0.141884189383332
"39","rs73885319",11.0031258880364,0.00090958356282148
"40","rs60910145",11.0031258880364,0.00090958356282148
