"","SNPid","Chi_Square","P_Value"
"1","rs4649032",26.45,2.70448478863356e-07
"2","rs1801274",0.242015488991295,0.622754197231513
"3","rs1012507",0,1
"4","rs113752715",0.488135323065888,0.48476027524154
"5","rs55730955",18.0565333333333,2.14441503484178e-05
"6","rs190705792",6.41002876522604,0.0113477577126688
"7","rs530462",52.4040882832173,4.51782450873207e-13
"8","rs59882675",17.1074343021875,3.53237632774941e-05
"9","rs10518133",0.666306897653058,0.414342161342719
"10","rs115180879",18.3942564872601,1.79598520735776e-05
"11","rs1264705",1.78221241011853,0.181877889739769
"12","rs6916716",0.273207455527898,0.601188254325388
"13","rs9261947",0.248934734369135,0.617826164464977
"14","rs2844580",5.37302343900354,0.0204504999667898
"15","rs1265889",14.6521633249452,0.000129286168487681
"16","rs9348883",13.8250503902179,0.000200643209902994
"17","rs2076523",3.1635301752109,0.0753001887596967
"18","rs62397901",4.53967762661152,0.0331178283854373
"19","rs2674382",31.4908015150089,2.00387288300255e-08
"20","rs76615866",7.26225817377618,0.00704186916125865
"21","rs2858829",10.8747707906375,0.0009748309272117
"22","rs2637678",1.32775887049146,0.249204308681075
"23","rs111796602",3.66939082241323,0.0554204364993806
"24","rs4979462",50.5960256246917,1.13474600125649e-12
"25","rs7848647",8.14626399091507,0.00431499675450333
"26","rs10817678",9.34238133523291,0.00223914376447332
"27","rs1891621",0.0181279105367473,0.892896570088357
"28","rs6584128",4.23684485824877,0.0395556125208134
"29","rs1799937",0.295041354556804,0.587007876701496
"30","rs2301254",7.75801609525972,0.00534746662504957
"31","rs6508",5.17876310791842,0.0228645948856438
"32","rs1805732",36.7960244883322,1.31157430260737e-09
"33","rs16946160",28.2213607426112,1.08203824390493e-07
"34","rs8062322",0.01953125,0.888854162768197
"35","rs9303279",3.85208333333333,0.0496842407614791
"36","rs34217742",0.0253107687829633,0.873595142292219
"37","rs11086243",2.07448915198165,0.14978008102925
"38","rs755622",1.96012764026439,0.161499668230149
"39","rs73885319",14.9538461538462,0.000110173251151477
"40","rs60910145",14.9538461538462,0.000110173251151477
