"","SNPid","Chi_Square","P_Value"
"1","rs4649032",0.00202824123089904,0.964078614779055
"2","rs1801274",2.74283836687917,0.097691106997474
"3","rs1012507",38.233837943072,6.27546969853974e-10
"4","rs113752715",3.79264274324044,0.0514783102197147
"5","rs55730955",27.6832125338605,1.42897425694237e-07
"6","rs190705792",2.23936737871551,0.134536012662865
"7","rs530462",0.0024747697226773,0.96032395645313
"8","rs59882675",15.1648351648352,9.85211720801325e-05
"9","rs10518133",1.22739726027397,0.267913806724692
"10","rs115180879",0.348883572567783,0.554745793895339
"11","rs1264705",0.520732883317261,0.470529222181811
"12","rs6916716",3.36545296091872,0.0665772730086593
"13","rs9261947",1.89231341575092,0.168941221915607
"14","rs2844580",7.22902825306271,0.00717340258522389
"15","rs1265889",8.01705472200231,0.00463388691289247
"16","rs9348883",0,1
"17","rs2076523",0.910859678038987,0.339886423702744
"18","rs62397901",2.71515151515151,0.0993995321616561
"19","rs2674382",0.232553812952317,0.629636646368819
"20","rs76615866",67.2684173545104,2.36946924375936e-16
"21","rs2858829",5.46257643510077,0.0194279800482208
"22","rs2637678",2.30416696641291,0.129027438668102
"23","rs111796602",0,1
"24","rs4979462",83.5400735508727,6.24373717852929e-20
"25","rs7848647",27.0050321877109,2.02926476844767e-07
"26","rs10817678",24.9568803899513,5.86269321975935e-07
"27","rs1891621",6.17810927390367,0.0129340414795481
"28","rs6584128",9.48872091450216,0.00206738900588134
"29","rs1799937",0.700371754419128,0.40265880757032
"30","rs2301254",1.06132832562917,0.302912420127943
"31","rs6508",1.58675554977051,0.207790288350102
"32","rs1805732",54.6458412698413,1.44329417745559e-13
"33","rs16946160",64.658667656235,8.90636491394943e-16
"34","rs8062322",3.05472623494393,0.0805025606021579
"35","rs9303279",0.104645401582068,0.746324622627698
"36","rs34217742",3.27295972725336,0.0704304500539183
"37","rs11086243",9.1260392759087,0.00251996689198372
"38","rs755622",7.35627131287298,0.00668292386166102
"39","rs73885319",8.06782952975012,0.0045058057189326
"40","rs60910145",8.06782952975012,0.0045058057189326
