"Group.1","x.Min.","x.1st Qu.","x.Median","x.Mean","x.3rd Qu.","x.Max."
"Female",-1.0828216,-0.2478551, 0.1176936, 0.1431271, 0.4863913, 1.9105513
"Male",-0.9887095,-0.1807074, 0.3060149, 0.2869445, 0.7402006, 1.8984519
